﻿Designator,Footprint,Quantity,Value,LCSC Part #
"C1, C2",CP_Radial_D16.0mm_P7.50mm,2,820u,
"C10, C9",0402,2,10p,
C11,0603,1,10u,
"C12, C13, C14, C15, C17, C19, C20, C21, C23, C3, C36, C4, C53, C54, C57, C58",0603,16,100n,
"C16, C18, C24, C25, C26, C28, C30, C31, C50",0603,9,2u2,
"C22, C5, C6, C7, C8",0603,5,1u,
C27,0603,1,6n8,
C29,0603,1,120p,
"C32, C33, C34",0603,3,220n,
"C35, C37, C38, C39, C40, C41, C42, C44, C45",0603,9,10uF,
C43,1210,1,100u,
"C46, C47",0603,2,2n2,
"C48, C49",0603,2,10p,
"C51, C52, C55, C56",0603,4,4n7,
CR1,PUSB3AB6Z_NEX,1,PUSB3AB6Z,
D1,D_SMA,1,SMAJ60CA,
"D10, D12, D14, D4, D7",D_SOD-323,5,BAT60A,
D11,0201,1,LED_R,
D13,Nexperia_CFP3_SOD-123W,1,PMEG6020AELR,
D2,0805,1,LED_G,
"D3, D5",0805,2,LED,
D6,D_SOD-323F,1,PESD3V3U1UA,
D8,D_SOD-323,1,SD05_SOD323,
D9,0201,1,LED_G,
FB1,0805,1,FerriteBead,
J1,CONN-SMD_8P-P2.50_HX25003-8AWB,1,Conn_01x08,C442367
"J2, J8",CONN_S6B-XH-SM4-TB_JST,2,Conn_01x06,
J3,CONN3_S3B-XH_JST,1,Conn_01x03,
"J4, J5, J6",7461084,3,WP-BUTR,
J7,CONN4_S4B-XH_JST,1,Conn_01x04,
J9,USB_C_Receptacle_GCT_USB4105-xx-A_16P_TopMnt_Horizontal_mod,1,USB_C_Receptacle_USB2.0_16P,
L1,IND-SMD_L7.8-W7.8_SDR0805,1,22u,
L2,WE-SL274,1,744227S,
"Q1, Q2, Q3, Q4, Q5, Q6",PQFN-8_L6.0-W5.0-P1.27-LS6.0-BL,6,HSBA15810C,C845605
"R1, R12, R20, R22, R24, R3, R44, R45, R48",0603,9,2k2,
"R10, R51, R52, R53, R54, R59, R60, R61, R62, R9",0603,10,0R,
"R11, R27, R28, R33, R34",0603,5,100R,
R13,0603,1,16k2,
"R14, R17, R43, R46, R47, R49, R50",0603,7,10k,
R15,0603,1,205k,
R16,0603,1,1M,
R18,0603,1,3k3,
"R19, R2, R21, R23, R29, R35, R39, R4",0603,8,39k,
"R25, R26, R31, R32, R37, R38",0603,6,4R7,
"R30, R36",RES-SMD_4P-L6.9-W6.6_OHMITE_FKM5RXXXXFE-TR,2,FKM5R0005FE-TR,C2482696
R40,0603,1,120R,
"R41, R42",0603,2,60R,
"R5, R6, R7, R8",0603,4,1k,
"R55, R56",0603,2,5k1,
"R57, R58",0603,2,22R,
SW1,SW_PTS636_SM43J_SMTR_LFS,1,Push Button,
TH1,0603,1,Thermistor_NTC,
U1,XT60PWM,1,XT60PW-M,C431092
U2,CONN-SMD_XH-2PWBPZ,1,XH-2PWBPZ,C2687444
U3,SOT-223-3_TabPin2,1,AMS1117-3.3,
U4,LQFP-64_10x10mm_P0.5mm,1,STM32F405RGTx,
U5,DCA56_6P35X3P61,1,DRV8302DCA,
U6,SOT-23-3_L3.0-W1.7-P0.95-LS2.9-BR,1,ESDCAN24-2BLY,C246766
U7,SOIC-8_3.9x4.9mm_P1.27mm,1,SN65HVD230,
Y1,Crystal_SMD_2520-4Pin_2.5x2.0mm,1,Crystal,
